etablissement;section;course;keywords
Université d'Orléans;Droit économie gestion;Droit économie gestion;Assurance banque finances contentieux ressources humaines droit social marketing droit civil comptabilité 
Université d'Orléans;Sciences et Techniques;Sciences Technologies Santé ;Acccès santé - médecine - chimie moléculaire 
Université d'Orléans;Sciences et Techniques;Sciences et techniques des activités physiques et sportives ;Activités physiques Sport 
Université d'Orléans; lettres langues et Sciences Humaines   ;Art, lettre, langues ;langues etrangères littérature eduction 
Université d'Orléans; lettres langues et Sciences Humaines   ;Sciences Humaines et Sociales ;histoire géographie environnement aménagement accompagnement politique cartographie 
Université d'Orléans;Institut National Supérieur du Professorat et de l’Education;Sciences technologies santé ;mathématiques sciences education formation 
Université d'Orléans;Institut Universitaire de Technologie ;Droit Economie gestion ;gestion  administration des entreprises 
Université d'Orléans;Institut Universitaire de Technologie ;Sciences technologies santé ;Chimie génie mécanique et productique Informatique transition énergétique 
Université d'Orléans;Observatoire des Sciences de l’Univers en région Centre Val de Loire;Sciences technologies santé ;ressources en eau environnement pollution géomatique 
Université d'Orléans;Polytech;Droit Economie gestion ;création entreprise innovante responsabilité sociale 
Université d'Orléans;Polytech;Sciences technologies santé ;Génie physique et systèmes embarqués Innovations en conception et matériaux Génie civil et géo environnement Smart Building transport énergie industrie management production 
Université d'Orléans;;;
Université d'Orléans;École Universitaire de Kinésithérapie en Centre Val de Loire;Sciences technologies santé ;masseur kinésithérapeute 
IFPM ;Infirmières Aides soignants ambulancier psychomotricien ;;
ISC Paris ;bachelor ;business developpement banque finances immobilier data analyst ;
ISC Paris ;master grande école ;entreprenariat business developpement expertise audit et contrôle marketing et communication digitale ;
ISC Paris ;master of sciences ;business developpement communication marketing responsable ;
ESAD, École Supérieure d’Art et de Design;;;
EXCELIA ;;;
ESTP ;;;
CESI, École d’Ingénieurs en informatique;;;
AGROPARISTECH ;;;
PIGIER ;;;
Ecole IT ;;;
CEFIM ;;;
SKALE ;;;
EMII;;;
CODA;;;
NEW;;;
NEW;pourqioi;pas aussi;popo
Lycée Pothier ;Prépa écoles normales supérieures;;
Lycée Pothier ;Prépa écoles agro-veto;;
Lycée Pothier ;Prépa grandes écoles de commerce et de management;;
Lycée Benjamin Franklin ;Prépa écoles d’ingénieurs ;;
Lycée Benjamin Franklin ;Prépa à l’expertise comptable ;;
Lycée Voltaire  ;prépa écoles de commerce;;
Lycée Sainte Croix Saint Euverte ;Prépa aux grandes écoles d’ingénieurs;;
CFA Orléans Métropole ;Métiers du commerce et de la vente;;
CFA Orléans Métropole ;Bâtiments énergie;;
CFA Orléans Métropole ;Industrie, énergie, système de communication;;
CFA de la chambre des métiers ;Esthétique, cosmétique;;
Ecole d’horticulture de la Mouillère ;Gestion et maitrise de l’eau;;
AFTEC;Management des unités commerciales;;
AFTEC;Services informatiques aux organisations;;
AFTEC;Banque, conseiller de clientèle;;
AFTEC;Systèmes numériques;;
FORMASAT;Certificat complémentaire direction d’accueil de loisirs ;;
Ecole supérieure de la banque d'Orléans ;Conseil clientèle ;;
Ecole supérieure de la banque d'Orléans ;Banque assurance / banque omnicanal ;;
CFA Promotrans ;Gestion des Transports et Logistique Associée;;
CFA Promotrans ;Maintenance des véhicules option B : véhicules de transport routier;;
CFA Promotrans ;Responsable Supply Chain & E-commerce;;
CFA Promotrans ;Responsable Transport Multimodal & Commerce International;;
Lycée Benjamin Franklin ;BTS;Electrotechnique Comptabilité et gestion des organisations Conception de produits industriels Services informatiques aux organisations;
Lycée Jean Zay;BTS;;
Lycée Sainte Croix Saint Euverte ;BTS;Commerce international Tourisme Conception et réalisation de systèmes automatiques Technico-commercialTechniques physiques pour l'industrie et le laboratoire Services et prestations des secteurs sanitaire et social;
Lycée Voltaire  ;BTS;Management des unités commerciales;
Lycée Voltaire  ;;Notariat;
Lycée Voltaire  ;;Négociation et relation client;
Lycée Voltaire  ;;Communication;
Lycée Voltaire  ;;Services et prestations des secteurs sanitaire et social;
Lycée St Paul du Bourdon Blanc;;Gestion des transports et logistique associée;
Lycée St Paul du Bourdon Blanc;;Assistant de manager;
Lycée St Paul du Bourdon Blanc;;Comptabilité et gestion des organisations;
Lycée St Paul du Bourdon Blanc;;Assistant de gestion de PME PMI;
Lycée St Paul du Bourdon Blanc;;Management des unités commerciales;
Lycée St Paul du Bourdon Blanc;;Services informatiques aux organisations;
Lycée Charles Peguy;;Design d'espace;
